Workbook

Sheet Organization
A1: Organization Workspace Configuration
A2: Enter your Organization's number of branches below. The workbook will automatically configure subsequent sheets.
A4: Organization ID | B4: Organization Name | C4: Number of Branches (Enter Count)
A5: ORG-2026-001 | B5: Acme Global Corporation
A7: Legend & Guidelines:
A8: • Yellow Cells: These are your required input fields. Enter your numbers and names here.
A9: • Grey Cells: Automatic formula-generated fields. Do not manually edit.
A10: • Flow: Sheet 1 (Org) -> Sheet 2 (Branches) -> Sheet 3 (Buildings) -> Sheet 4 (Floors) -> Sheet 5 (Sections & Cubicles).

Sheet Branches
A1: Branch ID | B1: Branch Name | C1: Number of Buildings | D1: [Helper] Cum Buildings
A2: =IF(AND(ISNUMBER(Organization!$C$5), ROW()-1<=Organization!$C$5), "BR"&TEXT(ROW()-1, "000"), "") | D2: =IF(A2="","",IF(ISNUMBER(C2),C2,0))
A3: =IF(AND(ISNUMBER(Organization!$C$5), ROW()-1<=Organization!$C$5), "BR"&TEXT(ROW()-1, "000"), "") | D3: =IF(A3="","",D2+IF(ISNUMBER(C3),C3,0))
A4: =IF(AND(ISNUMBER(Organization!$C$5), ROW()-1<=Organization!$C$5), "BR"&TEXT(ROW()-1, "000"), "") | D4: =IF(A4="","",D3+IF(ISNUMBER(C4),C4,0))
A5: =IF(AND(ISNUMBER(Organization!$C$5), ROW()-1<=Organization!$C$5), "BR"&TEXT(ROW()-1, "000"), "") | D5: =IF(A5="","",D4+IF(ISNUMBER(C5),C5,0))
A6: =IF(AND(ISNUMBER(Organization!$C$5), ROW()-1<=Organization!$C$5), "BR"&TEXT(ROW()-1, "000"), "") | D6: =IF(A6="","",D5+IF(ISNUMBER(C6),C6,0))
A7: =IF(AND(ISNUMBER(Organization!$C$5), ROW()-1<=Organization!$C$5), "BR"&TEXT(ROW()-1, "000"), "") | D7: =IF(A7="","",D6+IF(ISNUMBER(C7),C7,0))
A8: =IF(AND(ISNUMBER(Organization!$C$5), ROW()-1<=Organization!$C$5), "BR"&TEXT(ROW()-1, "000"), "") | D8: =IF(A8="","",D7+IF(ISNUMBER(C8),C8,0))
A9: =IF(AND(ISNUMBER(Organization!$C$5), ROW()-1<=Organization!$C$5), "BR"&TEXT(ROW()-1, "000"), "") | D9: =IF(A9="","",D8+IF(ISNUMBER(C9),C9,0))
A10: =IF(AND(ISNUMBER(Organization!$C$5), ROW()-1<=Organization!$C$5), "BR"&TEXT(ROW()-1, "000"), "") | D10: =IF(A10="","",D9+IF(ISNUMBER(C10),C10,0))
A11: =IF(AND(ISNUMBER(Organization!$C$5), ROW()-1<=Organization!$C$5), "BR"&TEXT(ROW()-1, "000"), "") | D11: =IF(A11="","",D10+IF(ISNUMBER(C11),C11,0))
A12: =IF(AND(ISNUMBER(Organization!$C$5), ROW()-1<=Organization!$C$5), "BR"&TEXT(ROW()-1, "000"), "") | D12: =IF(A12="","",D11+IF(ISNUMBER(C12),C12,0))
A13: =IF(AND(ISNUMBER(Organization!$C$5), ROW()-1<=Organization!$C$5), "BR"&TEXT(ROW()-1, "000"), "") | D13: =IF(A13="","",D12+IF(ISNUMBER(C13),C13,0))
A14: =IF(AND(ISNUMBER(Organization!$C$5), ROW()-1<=Organization!$C$5), "BR"&TEXT(ROW()-1, "000"), "") | D14: =IF(A14="","",D13+IF(ISNUMBER(C14),C14,0))
... A51: =IF(AND(ISNUMBER(Organization!$C$5), ROW()-1<=Organization!$C$5), "BR"&TEXT(ROW()-1, "000"), "") | D51: =IF(A51="","",D50+IF(ISNUMBER(C51),C51,0))

Sheet Buildings
A1: Branch Name | B1: Building ID | C1: Building Name | D1: Number of Floors | E1: [Helper] Branch ID | F1: [Helper] Real Branch Name | G1: [Helper] Cum Floors
A2: =IF(F2="","",F2) | B2: =IF(F2="","", "BLD"&TEXT(ROW()-1, "000")) | E2: =IF(F2="","", INDEX(Branches!$A$2:$A$51, IFERROR(MATCH(ROW()-1-0.0001, Branches!$D$2:$D$51, 1), 0)+1)) | F2: =IF(ROW()-1>SUM(Branches!$C$2:$C$51), "", INDEX(Branches!$B$2:$B$51, IFERROR(MATCH(ROW()-1-0.0001, Branches!$D$2:$D$51, 1), 0)+1)) | G2: =IF(B2="","",IF(ISNUMBER(D2),D2,0))
A3: =IF(F3="","",IF(F3=F2,"",F3)) | B3: =IF(F3="","", "BLD"&TEXT(ROW()-1, "000")) | E3: =IF(F3="","", INDEX(Branches!$A$2:$A$51, IFERROR(MATCH(ROW()-1-0.0001, Branches!$D$2:$D$51, 1), 0)+1)) | F3: =IF(ROW()-1>SUM(Branches!$C$2:$C$51), "", INDEX(Branches!$B$2:$B$51, IFERROR(MATCH(ROW()-1-0.0001, Branches!$D$2:$D$51, 1), 0)+1)) | G3: =IF(B3="","",G2+IF(ISNUMBER(D3),D3,0))
A4: =IF(F4="","",IF(F4=F3,"",F4)) | B4: =IF(F4="","", "BLD"&TEXT(ROW()-1, "000")) | E4: =IF(F4="","", INDEX(Branches!$A$2:$A$51, IFERROR(MATCH(ROW()-1-0.0001, Branches!$D$2:$D$51, 1), 0)+1)) | F4: =IF(ROW()-1>SUM(Branches!$C$2:$C$51), "", INDEX(Branches!$B$2:$B$51, IFERROR(MATCH(ROW()-1-0.0001, Branches!$D$2:$D$51, 1), 0)+1)) | G4: =IF(B4="","",G3+IF(ISNUMBER(D4),D4,0))
A5: =IF(F5="","",IF(F5=F4,"",F5)) | B5: =IF(F5="","", "BLD"&TEXT(ROW()-1, "000")) | E5: =IF(F5="","", INDEX(Branches!$A$2:$A$51, IFERROR(MATCH(ROW()-1-0.0001, Branches!$D$2:$D$51, 1), 0)+1)) | F5: =IF(ROW()-1>SUM(Branches!$C$2:$C$51), "", INDEX(Branches!$B$2:$B$51, IFERROR(MATCH(ROW()-1-0.0001, Branches!$D$2:$D$51, 1), 0)+1)) | G5: =IF(B5="","",G4+IF(ISNUMBER(D5),D5,0))
A6: =IF(F6="","",IF(F6=F5,"",F6)) | B6: =IF(F6="","", "BLD"&TEXT(ROW()-1, "000")) | E6: =IF(F6="","", INDEX(Branches!$A$2:$A$51, IFERROR(MATCH(ROW()-1-0.0001, Branches!$D$2:$D$51, 1), 0)+1)) | F6: =IF(ROW()-1>SUM(Branches!$C$2:$C$51), "", INDEX(Branches!$B$2:$B$51, IFERROR(MATCH(ROW()-1-0.0001, Branches!$D$2:$D$51, 1), 0)+1)) | G6: =IF(B6="","",G5+IF(ISNUMBER(D6),D6,0))
A7: =IF(F7="","",IF(F7=F6,"",F7)) | B7: =IF(F7="","", "BLD"&TEXT(ROW()-1, "000")) | E7: =IF(F7="","", INDEX(Branches!$A$2:$A$51, IFERROR(MATCH(ROW()-1-0.0001, Branches!$D$2:$D$51, 1), 0)+1)) | F7: =IF(ROW()-1>SUM(Branches!$C$2:$C$51), "", INDEX(Branches!$B$2:$B$51, IFERROR(MATCH(ROW()-1-0.0001, Branches!$D$2:$D$51, 1), 0)+1)) | G7: =IF(B7="","",G6+IF(ISNUMBER(D7),D7,0))
A8: =IF(F8="","",IF(F8=F7,"",F8)) | B8: =IF(F8="","", "BLD"&TEXT(ROW()-1, "000")) | E8: =IF(F8="","", INDEX(Branches!$A$2:$A$51, IFERROR(MATCH(ROW()-1-0.0001, Branches!$D$2:$D$51, 1), 0)+1)) | F8: =IF(ROW()-1>SUM(Branches!$C$2:$C$51), "", INDEX(Branches!$B$2:$B$51, IFERROR(MATCH(ROW()-1-0.0001, Branches!$D$2:$D$51, 1), 0)+1)) | G8: =IF(B8="","",G7+IF(ISNUMBER(D8),D8,0))
A9: =IF(F9="","",IF(F9=F8,"",F9)) | B9: =IF(F9="","", "BLD"&TEXT(ROW()-1, "000")) | E9: =IF(F9="","", INDEX(Branches!$A$2:$A$51, IFERROR(MATCH(ROW()-1-0.0001, Branches!$D$2:$D$51, 1), 0)+1)) | F9: =IF(ROW()-1>SUM(Branches!$C$2:$C$51), "", INDEX(Branches!$B$2:$B$51, IFERROR(MATCH(ROW()-1-0.0001, Branches!$D$2:$D$51, 1), 0)+1)) | G9: =IF(B9="","",G8+IF(ISNUMBER(D9),D9,0))
A10: =IF(F10="","",IF(F10=F9,"",F10)) | B10: =IF(F10="","", "BLD"&TEXT(ROW()-1, "000")) | E10: =IF(F10="","", INDEX(Branches!$A$2:$A$51, IFERROR(MATCH(ROW()-1-0.0001, Branches!$D$2:$D$51, 1), 0)+1)) | F10: =IF(ROW()-1>SUM(Branches!$C$2:$C$51), "", INDEX(Branches!$B$2:$B$51, IFERROR(MATCH(ROW()-1-0.0001, Branches!$D$2:$D$51, 1), 0)+1)) | G10: =IF(B10="","",G9+IF(ISNUMBER(D10),D10,0))
A11: =IF(F11="","",IF(F11=F10,"",F11)) | B11: =IF(F11="","", "BLD"&TEXT(ROW()-1, "000")) | E11: =IF(F11="","", INDEX(Branches!$A$2:$A$51, IFERROR(MATCH(ROW()-1-0.0001, Branches!$D$2:$D$51, 1), 0)+1)) | F11: =IF(ROW()-1>SUM(Branches!$C$2:$C$51), "", INDEX(Branches!$B$2:$B$51, IFERROR(MATCH(ROW()-1-0.0001, Branches!$D$2:$D$51, 1), 0)+1)) | G11: =IF(B11="","",G10+IF(ISNUMBER(D11),D11,0))
A12: =IF(F12="","",IF(F12=F11,"",F12)) | B12: =IF(F12="","", "BLD"&TEXT(ROW()-1, "000")) | E12: =IF(F12="","", INDEX(Branches!$A$2:$A$51, IFERROR(MATCH(ROW()-1-0.0001, Branches!$D$2:$D$51, 1), 0)+1)) | F12: =IF(ROW()-1>SUM(Branches!$C$2:$C$51), "", INDEX(Branches!$B$2:$B$51, IFERROR(MATCH(ROW()-1-0.0001, Branches!$D$2:$D$51, 1), 0)+1)) | G12: =IF(B12="","",G11+IF(ISNUMBER(D12),D12,0))
A13: =IF(F13="","",IF(F13=F12,"",F13)) | B13: =IF(F13="","", "BLD"&TEXT(ROW()-1, "000")) | E13: =IF(F13="","", INDEX(Branches!$A$2:$A$51, IFERROR(MATCH(ROW()-1-0.0001, Branches!$D$2:$D$51, 1), 0)+1)) | F13: =IF(ROW()-1>SUM(Branches!$C$2:$C$51), "", INDEX(Branches!$B$2:$B$51, IFERROR(MATCH(ROW()-1-0.0001, Branches!$D$2:$D$51, 1), 0)+1)) | G13: =IF(B13="","",G12+IF(ISNUMBER(D13),D13,0))
A14: =IF(F14="","",IF(F14=F13,"",F14)) | B14: =IF(F14="","", "BLD"&TEXT(ROW()-1, "000")) | E14: =IF(F14="","", INDEX(Branches!$A$2:$A$51, IFERROR(MATCH(ROW()-1-0.0001, Branches!$D$2:$D$51, 1), 0)+1)) | F14: =IF(ROW()-1>SUM(Branches!$C$2:$C$51), "", INDEX(Branches!$B$2:$B$51, IFERROR(MATCH(ROW()-1-0.0001, Branches!$D$2:$D$51, 1), 0)+1)) | G14: =IF(B14="","",G13+IF(ISNUMBER(D14),D14,0))
... A101: =IF(F101="","",IF(F101=F100,"",F101)) | B101: =IF(F101="","", "BLD"&TEXT(ROW()-1, "000")) | E101: =IF(F101="","", INDEX(Branches!$A$2:$A$51, IFERROR(MATCH(ROW()-1-0.0001, Branches!$D$2:$D$51, 1), 0)+1)) | F101: =IF(ROW()-1>SUM(Branches!$C$2:$C$51), "", INDEX(Branches!$B$2:$B$51, IFERROR(MATCH(ROW()-1-0.0001, Branches!$D$2:$D$51, 1), 0)+1)) | G101: =IF(B101="","",G100+IF(ISNUMBER(D101),D101,0))

Sheet Floors
A1: Branch Name | B1: Building ID | C1: Building Name | D1: Floor ID | E1: Number of Sections (Max 4: East, West, North, South) | F1: [Helper] Real Branch Name | G1: [Helper] Real Building ID | H1: [Helper] Real Building Name | I1: [Helper] Building Num | J1: [Helper] Floor Num | K1: [Helper] Floor Name | L1: [Helper] Cum Sections
A2: =IF(F2="","",F2) | B2: =IF(G2="","",G2) | C2: =IF(H2="","",H2) | D2: =IF(G2="","", I2 & "-FL" & TEXT(J2, "00")) | F2: =IF(ROW()-1>SUM(Buildings!$D$2:$D$101), "", INDEX(Buildings!$F$2:$F$101, IFERROR(MATCH(ROW()-1-0.0001, Buildings!$G$2:$G$101, 1), 0)+1)) | G2: =IF(ROW()-1>SUM(Buildings!$D$2:$D$101), "", INDEX(Buildings!$B$2:$B$101, IFERROR(MATCH(ROW()-1-0.0001, Buildings!$G$2:$G$101, 1), 0)+1)) | H2: =IF(ROW()-1>SUM(Buildings!$D$2:$D$101), "", INDEX(Buildings!$C$2:$C$101, IFERROR(MATCH(ROW()-1-0.0001, Buildings!$G$2:$G$101, 1), 0)+1)) | I2: =IF(G2="","",VALUE(SUBSTITUTE(G2,"BLD",""))) | J2: =IF(G2="","", (ROW()-1)-IFERROR(INDEX(Buildings!$G$2:$G$101, MATCH(ROW()-1-0.0001, Buildings!$G$2:$G$101, 1)), 0)) | K2: =IF(G2="","", CHOOSE(MIN(J2, 10), "First", "Second", "Third", "Fourth", "Fifth", "Sixth", "Seventh", "Eighth", "Ninth", "Tenth") & " Floor") | L2: =IF(G2="","",IF(ISNUMBER(E2),E2,0))
A3: =IF(F3="","",IF(F3=F2,"",F3)) | B3: =IF(G3="","",IF(G3=G2,"",G3)) | C3: =IF(H3="","",IF(H3=H2,"",H3)) | D3: =IF(G3="","", I3 & "-FL" & TEXT(J3, "00")) | F3: =IF(ROW()-1>SUM(Buildings!$D$2:$D$101), "", INDEX(Buildings!$F$2:$F$101, IFERROR(MATCH(ROW()-1-0.0001, Buildings!$G$2:$G$101, 1), 0)+1)) | G3: =IF(ROW()-1>SUM(Buildings!$D$2:$D$101), "", INDEX(Buildings!$B$2:$B$101, IFERROR(MATCH(ROW()-1-0.0001, Buildings!$G$2:$G$101, 1), 0)+1)) | H3: =IF(ROW()-1>SUM(Buildings!$D$2:$D$101), "", INDEX(Buildings!$C$2:$C$101, IFERROR(MATCH(ROW()-1-0.0001, Buildings!$G$2:$G$101, 1), 0)+1)) | I3: =IF(G3="","",VALUE(SUBSTITUTE(G3,"BLD",""))) | J3: =IF(G3="","", (ROW()-1)-IFERROR(INDEX(Buildings!$G$2:$G$101, MATCH(ROW()-1-0.0001, Buildings!$G$2:$G$101, 1)), 0)) | K3: =IF(G3="","", CHOOSE(MIN(J3, 10), "First", "Second", "Third", "Fourth", "Fifth", "Sixth", "Seventh", "Eighth", "Ninth", "Tenth") & " Floor") | L3: =IF(G3="","",L2+IF(ISNUMBER(E3),E3,0))
A4: =IF(F4="","",IF(F4=F3,"",F4)) | B4: =IF(G4="","",IF(G4=G3,"",G4)) | C4: =IF(H4="","",IF(H4=H3,"",H4)) | D4: =IF(G4="","", I4 & "-FL" & TEXT(J4, "00")) | F4: =IF(ROW()-1>SUM(Buildings!$D$2:$D$101), "", INDEX(Buildings!$F$2:$F$101, IFERROR(MATCH(ROW()-1-0.0001, Buildings!$G$2:$G$101, 1), 0)+1)) | G4: =IF(ROW()-1>SUM(Buildings!$D$2:$D$101), "", INDEX(Buildings!$B$2:$B$101, IFERROR(MATCH(ROW()-1-0.0001, Buildings!$G$2:$G$101, 1), 0)+1)) | H4: =IF(ROW()-1>SUM(Buildings!$D$2:$D$101), "", INDEX(Buildings!$C$2:$C$101, IFERROR(MATCH(ROW()-1-0.0001, Buildings!$G$2:$G$101, 1), 0)+1)) | I4: =IF(G4="","",VALUE(SUBSTITUTE(G4,"BLD",""))) | J4: =IF(G4="","", (ROW()-1)-IFERROR(INDEX(Buildings!$G$2:$G$101, MATCH(ROW()-1-0.0001, Buildings!$G$2:$G$101, 1)), 0)) | K4: =IF(G4="","", CHOOSE(MIN(J4, 10), "First", "Second", "Third", "Fourth", "Fifth", "Sixth", "Seventh", "Eighth", "Ninth", "Tenth") & " Floor") | L4: =IF(G4="","",L3+IF(ISNUMBER(E4),E4,0))
A5: =IF(F5="","",IF(F5=F4,"",F5)) | B5: =IF(G5="","",IF(G5=G4,"",G5)) | C5: =IF(H5="","",IF(H5=H4,"",H5)) | D5: =IF(G5="","", I5 & "-FL" & TEXT(J5, "00")) | F5: =IF(ROW()-1>SUM(Buildings!$D$2:$D$101), "", INDEX(Buildings!$F$2:$F$101, IFERROR(MATCH(ROW()-1-0.0001, Buildings!$G$2:$G$101, 1), 0)+1)) | G5: =IF(ROW()-1>SUM(Buildings!$D$2:$D$101), "", INDEX(Buildings!$B$2:$B$101, IFERROR(MATCH(ROW()-1-0.0001, Buildings!$G$2:$G$101, 1), 0)+1)) | H5: =IF(ROW()-1>SUM(Buildings!$D$2:$D$101), "", INDEX(Buildings!$C$2:$C$101, IFERROR(MATCH(ROW()-1-0.0001, Buildings!$G$2:$G$101, 1), 0)+1)) | I5: =IF(G5="","",VALUE(SUBSTITUTE(G5,"BLD",""))) | J5: =IF(G5="","", (ROW()-1)-IFERROR(INDEX(Buildings!$G$2:$G$101, MATCH(ROW()-1-0.0001, Buildings!$G$2:$G$101, 1)), 0)) | K5: =IF(G5="","", CHOOSE(MIN(J5, 10), "First", "Second", "Third", "Fourth", "Fifth", "Sixth", "Seventh", "Eighth", "Ninth", "Tenth") & " Floor") | L5: =IF(G5="","",L4+IF(ISNUMBER(E5),E5,0))
A6: =IF(F6="","",IF(F6=F5,"",F6)) | B6: =IF(G6="","",IF(G6=G5,"",G6)) | C6: =IF(H6="","",IF(H6=H5,"",H6)) | D6: =IF(G6="","", I6 & "-FL" & TEXT(J6, "00")) | F6: =IF(ROW()-1>SUM(Buildings!$D$2:$D$101), "", INDEX(Buildings!$F$2:$F$101, IFERROR(MATCH(ROW()-1-0.0001, Buildings!$G$2:$G$101, 1), 0)+1)) | G6: =IF(ROW()-1>SUM(Buildings!$D$2:$D$101), "", INDEX(Buildings!$B$2:$B$101, IFERROR(MATCH(ROW()-1-0.0001, Buildings!$G$2:$G$101, 1), 0)+1)) | H6: =IF(ROW()-1>SUM(Buildings!$D$2:$D$101), "", INDEX(Buildings!$C$2:$C$101, IFERROR(MATCH(ROW()-1-0.0001, Buildings!$G$2:$G$101, 1), 0)+1)) | I6: =IF(G6="","",VALUE(SUBSTITUTE(G6,"BLD",""))) | J6: =IF(G6="","", (ROW()-1)-IFERROR(INDEX(Buildings!$G$2:$G$101, MATCH(ROW()-1-0.0001, Buildings!$G$2:$G$101, 1)), 0)) | K6: =IF(G6="","", CHOOSE(MIN(J6, 10), "First", "Second", "Third", "Fourth", "Fifth", "Sixth", "Seventh", "Eighth", "Ninth", "Tenth") & " Floor") | L6: =IF(G6="","",L5+IF(ISNUMBER(E6),E6,0))
A7: =IF(F7="","",IF(F7=F6,"",F7)) | B7: =IF(G7="","",IF(G7=G6,"",G7)) | C7: =IF(H7="","",IF(H7=H6,"",H7)) | D7: =IF(G7="","", I7 & "-FL" & TEXT(J7, "00")) | F7: =IF(ROW()-1>SUM(Buildings!$D$2:$D$101), "", INDEX(Buildings!$F$2:$F$101, IFERROR(MATCH(ROW()-1-0.0001, Buildings!$G$2:$G$101, 1), 0)+1)) | G7: =IF(ROW()-1>SUM(Buildings!$D$2:$D$101), "", INDEX(Buildings!$B$2:$B$101, IFERROR(MATCH(ROW()-1-0.0001, Buildings!$G$2:$G$101, 1), 0)+1)) | H7: =IF(ROW()-1>SUM(Buildings!$D$2:$D$101), "", INDEX(Buildings!$C$2:$C$101, IFERROR(MATCH(ROW()-1-0.0001, Buildings!$G$2:$G$101, 1), 0)+1)) | I7: =IF(G7="","",VALUE(SUBSTITUTE(G7,"BLD",""))) | J7: =IF(G7="","", (ROW()-1)-IFERROR(INDEX(Buildings!$G$2:$G$101, MATCH(ROW()-1-0.0001, Buildings!$G$2:$G$101, 1)), 0)) | K7: =IF(G7="","", CHOOSE(MIN(J7, 10), "First", "Second", "Third", "Fourth", "Fifth", "Sixth", "Seventh", "Eighth", "Ninth", "Tenth") & " Floor") | L7: =IF(G7="","",L6+IF(ISNUMBER(E7),E7,0))
A8: =IF(F8="","",IF(F8=F7,"",F8)) | B8: =IF(G8="","",IF(G8=G7,"",G8)) | C8: =IF(H8="","",IF(H8=H7,"",H8)) | D8: =IF(G8="","", I8 & "-FL" & TEXT(J8, "00")) | F8: =IF(ROW()-1>SUM(Buildings!$D$2:$D$101), "", INDEX(Buildings!$F$2:$F$101, IFERROR(MATCH(ROW()-1-0.0001, Buildings!$G$2:$G$101, 1), 0)+1)) | G8: =IF(ROW()-1>SUM(Buildings!$D$2:$D$101), "", INDEX(Buildings!$B$2:$B$101, IFERROR(MATCH(ROW()-1-0.0001, Buildings!$G$2:$G$101, 1), 0)+1)) | H8: =IF(ROW()-1>SUM(Buildings!$D$2:$D$101), "", INDEX(Buildings!$C$2:$C$101, IFERROR(MATCH(ROW()-1-0.0001, Buildings!$G$2:$G$101, 1), 0)+1)) | I8: =IF(G8="","",VALUE(SUBSTITUTE(G8,"BLD",""))) | J8: =IF(G8="","", (ROW()-1)-IFERROR(INDEX(Buildings!$G$2:$G$101, MATCH(ROW()-1-0.0001, Buildings!$G$2:$G$101, 1)), 0)) | K8: =IF(G8="","", CHOOSE(MIN(J8, 10), "First", "Second", "Third", "Fourth", "Fifth", "Sixth", "Seventh", "Eighth", "Ninth", "Tenth") & " Floor") | L8: =IF(G8="","",L7+IF(ISNUMBER(E8),E8,0))
A9: =IF(F9="","",IF(F9=F8,"",F9)) | B9: =IF(G9="","",IF(G9=G8,"",G9)) | C9: =IF(H9="","",IF(H9=H8,"",H9)) | D9: =IF(G9="","", I9 & "-FL" & TEXT(J9, "00")) | F9: =IF(ROW()-1>SUM(Buildings!$D$2:$D$101), "", INDEX(Buildings!$F$2:$F$101, IFERROR(MATCH(ROW()-1-0.0001, Buildings!$G$2:$G$101, 1), 0)+1)) | G9: =IF(ROW()-1>SUM(Buildings!$D$2:$D$101), "", INDEX(Buildings!$B$2:$B$101, IFERROR(MATCH(ROW()-1-0.0001, Buildings!$G$2:$G$101, 1), 0)+1)) | H9: =IF(ROW()-1>SUM(Buildings!$D$2:$D$101), "", INDEX(Buildings!$C$2:$C$101, IFERROR(MATCH(ROW()-1-0.0001, Buildings!$G$2:$G$101, 1), 0)+1)) | I9: =IF(G9="","",VALUE(SUBSTITUTE(G9,"BLD",""))) | J9: =IF(G9="","", (ROW()-1)-IFERROR(INDEX(Buildings!$G$2:$G$101, MATCH(ROW()-1-0.0001, Buildings!$G$2:$G$101, 1)), 0)) | K9: =IF(G9="","", CHOOSE(MIN(J9, 10), "First", "Second", "Third", "Fourth", "Fifth", "Sixth", "Seventh", "Eighth", "Ninth", "Tenth") & " Floor") | L9: =IF(G9="","",L8+IF(ISNUMBER(E9),E9,0))
A10: =IF(F10="","",IF(F10=F9,"",F10)) | B10: =IF(G10="","",IF(G10=G9,"",G10)) | C10: =IF(H10="","",IF(H10=H9,"",H10)) | D10: =IF(G10="","", I10 & "-FL" & TEXT(J10, "00")) | F10: =IF(ROW()-1>SUM(Buildings!$D$2:$D$101), "", INDEX(Buildings!$F$2:$F$101, IFERROR(MATCH(ROW()-1-0.0001, Buildings!$G$2:$G$101, 1), 0)+1)) | G10: =IF(ROW()-1>SUM(Buildings!$D$2:$D$101), "", INDEX(Buildings!$B$2:$B$101, IFERROR(MATCH(ROW()-1-0.0001, Buildings!$G$2:$G$101, 1), 0)+1)) | H10: =IF(ROW()-1>SUM(Buildings!$D$2:$D$101), "", INDEX(Buildings!$C$2:$C$101, IFERROR(MATCH(ROW()-1-0.0001, Buildings!$G$2:$G$101, 1), 0)+1)) | I10: =IF(G10="","",VALUE(SUBSTITUTE(G10,"BLD",""))) | J10: =IF(G10="","", (ROW()-1)-IFERROR(INDEX(Buildings!$G$2:$G$101, MATCH(ROW()-1-0.0001, Buildings!$G$2:$G$101, 1)), 0)) | K10: =IF(G10="","", CHOOSE(MIN(J10, 10), "First", "Second", "Third", "Fourth", "Fifth", "Sixth", "Seventh", "Eighth", "Ninth", "Tenth") & " Floor") | L10: =IF(G10="","",L9+IF(ISNUMBER(E10),E10,0))
A11: =IF(F11="","",IF(F11=F10,"",F11)) | B11: =IF(G11="","",IF(G11=G10,"",G11)) | C11: =IF(H11="","",IF(H11=H10,"",H11)) | D11: =IF(G11="","", I11 & "-FL" & TEXT(J11, "00")) | F11: =IF(ROW()-1>SUM(Buildings!$D$2:$D$101), "", INDEX(Buildings!$F$2:$F$101, IFERROR(MATCH(ROW()-1-0.0001, Buildings!$G$2:$G$101, 1), 0)+1)) | G11: =IF(ROW()-1>SUM(Buildings!$D$2:$D$101), "", INDEX(Buildings!$B$2:$B$101, IFERROR(MATCH(ROW()-1-0.0001, Buildings!$G$2:$G$101, 1), 0)+1)) | H11: =IF(ROW()-1>SUM(Buildings!$D$2:$D$101), "", INDEX(Buildings!$C$2:$C$101, IFERROR(MATCH(ROW()-1-0.0001, Buildings!$G$2:$G$101, 1), 0)+1)) | I11: =IF(G11="","",VALUE(SUBSTITUTE(G11,"BLD",""))) | J11: =IF(G11="","", (ROW()-1)-IFERROR(INDEX(Buildings!$G$2:$G$101, MATCH(ROW()-1-0.0001, Buildings!$G$2:$G$101, 1)), 0)) | K11: =IF(G11="","", CHOOSE(MIN(J11, 10), "First", "Second", "Third", "Fourth", "Fifth", "Sixth", "Seventh", "Eighth", "Ninth", "Tenth") & " Floor") | L11: =IF(G11="","",L10+IF(ISNUMBER(E11),E11,0))
A12: =IF(F12="","",IF(F12=F11,"",F12)) | B12: =IF(G12="","",IF(G12=G11,"",G12)) | C12: =IF(H12="","",IF(H12=H11,"",H12)) | D12: =IF(G12="","", I12 & "-FL" & TEXT(J12, "00")) | F12: =IF(ROW()-1>SUM(Buildings!$D$2:$D$101), "", INDEX(Buildings!$F$2:$F$101, IFERROR(MATCH(ROW()-1-0.0001, Buildings!$G$2:$G$101, 1), 0)+1)) | G12: =IF(ROW()-1>SUM(Buildings!$D$2:$D$101), "", INDEX(Buildings!$B$2:$B$101, IFERROR(MATCH(ROW()-1-0.0001, Buildings!$G$2:$G$101, 1), 0)+1)) | H12: =IF(ROW()-1>SUM(Buildings!$D$2:$D$101), "", INDEX(Buildings!$C$2:$C$101, IFERROR(MATCH(ROW()-1-0.0001, Buildings!$G$2:$G$101, 1), 0)+1)) | I12: =IF(G12="","",VALUE(SUBSTITUTE(G12,"BLD",""))) | J12: =IF(G12="","", (ROW()-1)-IFERROR(INDEX(Buildings!$G$2:$G$101, MATCH(ROW()-1-0.0001, Buildings!$G$2:$G$101, 1)), 0)) | K12: =IF(G12="","", CHOOSE(MIN(J12, 10), "First", "Second", "Third", "Fourth", "Fifth", "Sixth", "Seventh", "Eighth", "Ninth", "Tenth") & " Floor") | L12: =IF(G12="","",L11+IF(ISNUMBER(E12),E12,0))
A13: =IF(F13="","",IF(F13=F12,"",F13)) | B13: =IF(G13="","",IF(G13=G12,"",G13)) | C13: =IF(H13="","",IF(H13=H12,"",H13)) | D13: =IF(G13="","", I13 & "-FL" & TEXT(J13, "00")) | F13: =IF(ROW()-1>SUM(Buildings!$D$2:$D$101), "", INDEX(Buildings!$F$2:$F$101, IFERROR(MATCH(ROW()-1-0.0001, Buildings!$G$2:$G$101, 1), 0)+1)) | G13: =IF(ROW()-1>SUM(Buildings!$D$2:$D$101), "", INDEX(Buildings!$B$2:$B$101, IFERROR(MATCH(ROW()-1-0.0001, Buildings!$G$2:$G$101, 1), 0)+1)) | H13: =IF(ROW()-1>SUM(Buildings!$D$2:$D$101), "", INDEX(Buildings!$C$2:$C$101, IFERROR(MATCH(ROW()-1-0.0001, Buildings!$G$2:$G$101, 1), 0)+1)) | I13: =IF(G13="","",VALUE(SUBSTITUTE(G13,"BLD",""))) | J13: =IF(G13="","", (ROW()-1)-IFERROR(INDEX(Buildings!$G$2:$G$101, MATCH(ROW()-1-0.0001, Buildings!$G$2:$G$101, 1)), 0)) | K13: =IF(G13="","", CHOOSE(MIN(J13, 10), "First", "Second", "Third", "Fourth", "Fifth", "Sixth", "Seventh", "Eighth", "Ninth", "Tenth") & " Floor") | L13: =IF(G13="","",L12+IF(ISNUMBER(E13),E13,0))
A14: =IF(F14="","",IF(F14=F13,"",F14)) | B14: =IF(G14="","",IF(G14=G13,"",G14)) | C14: =IF(H14="","",IF(H14=H13,"",H14)) | D14: =IF(G14="","", I14 & "-FL" & TEXT(J14, "00")) | F14: =IF(ROW()-1>SUM(Buildings!$D$2:$D$101), "", INDEX(Buildings!$F$2:$F$101, IFERROR(MATCH(ROW()-1-0.0001, Buildings!$G$2:$G$101, 1), 0)+1)) | G14: =IF(ROW()-1>SUM(Buildings!$D$2:$D$101), "", INDEX(Buildings!$B$2:$B$101, IFERROR(MATCH(ROW()-1-0.0001, Buildings!$G$2:$G$101, 1), 0)+1)) | H14: =IF(ROW()-1>SUM(Buildings!$D$2:$D$101), "", INDEX(Buildings!$C$2:$C$101, IFERROR(MATCH(ROW()-1-0.0001, Buildings!$G$2:$G$101, 1), 0)+1)) | I14: =IF(G14="","",VALUE(SUBSTITUTE(G14,"BLD",""))) | J14: =IF(G14="","", (ROW()-1)-IFERROR(INDEX(Buildings!$G$2:$G$101, MATCH(ROW()-1-0.0001, Buildings!$G$2:$G$101, 1)), 0)) | K14: =IF(G14="","", CHOOSE(MIN(J14, 10), "First", "Second", "Third", "Fourth", "Fifth", "Sixth", "Seventh", "Eighth", "Ninth", "Tenth") & " Floor") | L14: =IF(G14="","",L13+IF(ISNUMBER(E14),E14,0))
... A201: =IF(F201="","",IF(F201=F200,"",F201)) | B201: =IF(G201="","",IF(G201=G200,"",G201)) | C201: =IF(H201="","",IF(H201=H200,"",H201)) | D201: =IF(G201="","", I201 & "-FL" & TEXT(J201, "00")) | F201: =IF(ROW()-1>SUM(Buildings!$D$2:$D$101), "", INDEX(Buildings!$F$2:$F$101, IFERROR(MATCH(ROW()-1-0.0001, Buildings!$G$2:$G$101, 1), 0)+1)) | G201: =IF(ROW()-1>SUM(Buildings!$D$2:$D$101), "", INDEX(Buildings!$B$2:$B$101, IFERROR(MATCH(ROW()-1-0.0001, Buildings!$G$2:$G$101, 1), 0)+1)) | H201: =IF(ROW()-1>SUM(Buildings!$D$2:$D$101), "", INDEX(Buildings!$C$2:$C$101, IFERROR(MATCH(ROW()-1-0.0001, Buildings!$G$2:$G$101, 1), 0)+1)) | I201: =IF(G201="","",VALUE(SUBSTITUTE(G201,"BLD",""))) | J201: =IF(G201="","", (ROW()-1)-IFERROR(INDEX(Buildings!$G$2:$G$101, MATCH(ROW()-1-0.0001, Buildings!$G$2:$G$101, 1)), 0)) | K201: =IF(G201="","", CHOOSE(MIN(J201, 10), "First", "Second", "Third", "Fourth", "Fifth", "Sixth", "Seventh", "Eighth", "Ninth", "Tenth") & " Floor") | L201: =IF(G201="","",L200+IF(ISNUMBER(E201),E201,0))

Sheet Sections & Cubicles
A1: Branch Name | B1: Building Name | C1: Floor ID | D1: Section Name | E1: Number of Cubicals (Excluding Meeting Room) | F1: Number of Cubicals Having HDMI | G1: Meeting Room (Yes or No) | H1: Number of Cubicals Inside Meeting Room | I1: Number of Cubicals Having HDMI (Meeting Room) | J1: [Helper] Real Branch Name | K1: [Helper] Real Building Name | L1: [Helper] Real Floor ID | M1: [Helper] Real Floor Name
A2: =IF(J2="","",J2) | B2: =IF(K2="","",K2) | C2: =IF(L2="","",L2) | D2: =IF(L2="","", SUBSTITUTE(M2," Floor","") & " " & CHOOSE(MIN((ROW()-1)-IFERROR(INDEX(Floors!$L$2:$L$201, MATCH(ROW()-1-0.0001, Floors!$L$2:$L$201, 1)), 0), 4), "North", "South", "East", "West")) | J2: =IF(ROW()-1>SUM(Floors!$E$2:$E$201), "", INDEX(Floors!$F$2:$F$201, IFERROR(MATCH(ROW()-1-0.0001, Floors!$L$2:$L$201, 1), 0)+1)) | K2: =IF(ROW()-1>SUM(Floors!$E$2:$E$201), "", INDEX(Floors!$H$2:$H$201, IFERROR(MATCH(ROW()-1-0.0001, Floors!$L$2:$L$201, 1), 0)+1)) | L2: =IF(ROW()-1>SUM(Floors!$E$2:$E$201), "", INDEX(Floors!$D$2:$D$201, IFERROR(MATCH(ROW()-1-0.0001, Floors!$L$2:$L$201, 1), 0)+1)) | M2: =IF(ROW()-1>SUM(Floors!$E$2:$E$201), "", INDEX(Floors!$K$2:$K$201, IFERROR(MATCH(ROW()-1-0.0001, Floors!$L$2:$L$201, 1), 0)+1))
A3: =IF(J3="","",IF(J3=J2,"",J3)) | B3: =IF(K3="","",IF(K3=K2,"",K3)) | C3: =IF(L3="","",IF(L3=L2,"",L3)) | D3: =IF(L3="","", SUBSTITUTE(M3," Floor","") & " " & CHOOSE(MIN((ROW()-1)-IFERROR(INDEX(Floors!$L$2:$L$201, MATCH(ROW()-1-0.0001, Floors!$L$2:$L$201, 1)), 0), 4), "North", "South", "East", "West")) | J3: =IF(ROW()-1>SUM(Floors!$E$2:$E$201), "", INDEX(Floors!$F$2:$F$201, IFERROR(MATCH(ROW()-1-0.0001, Floors!$L$2:$L$201, 1), 0)+1)) | K3: =IF(ROW()-1>SUM(Floors!$E$2:$E$201), "", INDEX(Floors!$H$2:$H$201, IFERROR(MATCH(ROW()-1-0.0001, Floors!$L$2:$L$201, 1), 0)+1)) | L3: =IF(ROW()-1>SUM(Floors!$E$2:$E$201), "", INDEX(Floors!$D$2:$D$201, IFERROR(MATCH(ROW()-1-0.0001, Floors!$L$2:$L$201, 1), 0)+1)) | M3: =IF(ROW()-1>SUM(Floors!$E$2:$E$201), "", INDEX(Floors!$K$2:$K$201, IFERROR(MATCH(ROW()-1-0.0001, Floors!$L$2:$L$201, 1), 0)+1))
A4: =IF(J4="","",IF(J4=J3,"",J4)) | B4: =IF(K4="","",IF(K4=K3,"",K4)) | C4: =IF(L4="","",IF(L4=L3,"",L4)) | D4: =IF(L4="","", SUBSTITUTE(M4," Floor","") & " " & CHOOSE(MIN((ROW()-1)-IFERROR(INDEX(Floors!$L$2:$L$201, MATCH(ROW()-1-0.0001, Floors!$L$2:$L$201, 1)), 0), 4), "North", "South", "East", "West")) | J4: =IF(ROW()-1>SUM(Floors!$E$2:$E$201), "", INDEX(Floors!$F$2:$F$201, IFERROR(MATCH(ROW()-1-0.0001, Floors!$L$2:$L$201, 1), 0)+1)) | K4: =IF(ROW()-1>SUM(Floors!$E$2:$E$201), "", INDEX(Floors!$H$2:$H$201, IFERROR(MATCH(ROW()-1-0.0001, Floors!$L$2:$L$201, 1), 0)+1)) | L4: =IF(ROW()-1>SUM(Floors!$E$2:$E$201), "", INDEX(Floors!$D$2:$D$201, IFERROR(MATCH(ROW()-1-0.0001, Floors!$L$2:$L$201, 1), 0)+1)) | M4: =IF(ROW()-1>SUM(Floors!$E$2:$E$201), "", INDEX(Floors!$K$2:$K$201, IFERROR(MATCH(ROW()-1-0.0001, Floors!$L$2:$L$201, 1), 0)+1))
A5: =IF(J5="","",IF(J5=J4,"",J5)) | B5: =IF(K5="","",IF(K5=K4,"",K5)) | C5: =IF(L5="","",IF(L5=L4,"",L5)) | D5: =IF(L5="","", SUBSTITUTE(M5," Floor","") & " " & CHOOSE(MIN((ROW()-1)-IFERROR(INDEX(Floors!$L$2:$L$201, MATCH(ROW()-1-0.0001, Floors!$L$2:$L$201, 1)), 0), 4), "North", "South", "East", "West")) | J5: =IF(ROW()-1>SUM(Floors!$E$2:$E$201), "", INDEX(Floors!$F$2:$F$201, IFERROR(MATCH(ROW()-1-0.0001, Floors!$L$2:$L$201, 1), 0)+1)) | K5: =IF(ROW()-1>SUM(Floors!$E$2:$E$201), "", INDEX(Floors!$H$2:$H$201, IFERROR(MATCH(ROW()-1-0.0001, Floors!$L$2:$L$201, 1), 0)+1)) | L5: =IF(ROW()-1>SUM(Floors!$E$2:$E$201), "", INDEX(Floors!$D$2:$D$201, IFERROR(MATCH(ROW()-1-0.0001, Floors!$L$2:$L$201, 1), 0)+1)) | M5: =IF(ROW()-1>SUM(Floors!$E$2:$E$201), "", INDEX(Floors!$K$2:$K$201, IFERROR(MATCH(ROW()-1-0.0001, Floors!$L$2:$L$201, 1), 0)+1))
A6: =IF(J6="","",IF(J6=J5,"",J6)) | B6: =IF(K6="","",IF(K6=K5,"",K6)) | C6: =IF(L6="","",IF(L6=L5,"",L6)) | D6: =IF(L6="","", SUBSTITUTE(M6," Floor","") & " " & CHOOSE(MIN((ROW()-1)-IFERROR(INDEX(Floors!$L$2:$L$201, MATCH(ROW()-1-0.0001, Floors!$L$2:$L$201, 1)), 0), 4), "North", "South", "East", "West")) | J6: =IF(ROW()-1>SUM(Floors!$E$2:$E$201), "", INDEX(Floors!$F$2:$F$201, IFERROR(MATCH(ROW()-1-0.0001, Floors!$L$2:$L$201, 1), 0)+1)) | K6: =IF(ROW()-1>SUM(Floors!$E$2:$E$201), "", INDEX(Floors!$H$2:$H$201, IFERROR(MATCH(ROW()-1-0.0001, Floors!$L$2:$L$201, 1), 0)+1)) | L6: =IF(ROW()-1>SUM(Floors!$E$2:$E$201), "", INDEX(Floors!$D$2:$D$201, IFERROR(MATCH(ROW()-1-0.0001, Floors!$L$2:$L$201, 1), 0)+1)) | M6: =IF(ROW()-1>SUM(Floors!$E$2:$E$201), "", INDEX(Floors!$K$2:$K$201, IFERROR(MATCH(ROW()-1-0.0001, Floors!$L$2:$L$201, 1), 0)+1))
A7: =IF(J7="","",IF(J7=J6,"",J7)) | B7: =IF(K7="","",IF(K7=K6,"",K7)) | C7: =IF(L7="","",IF(L7=L6,"",L7)) | D7: =IF(L7="","", SUBSTITUTE(M7," Floor","") & " " & CHOOSE(MIN((ROW()-1)-IFERROR(INDEX(Floors!$L$2:$L$201, MATCH(ROW()-1-0.0001, Floors!$L$2:$L$201, 1)), 0), 4), "North", "South", "East", "West")) | J7: =IF(ROW()-1>SUM(Floors!$E$2:$E$201), "", INDEX(Floors!$F$2:$F$201, IFERROR(MATCH(ROW()-1-0.0001, Floors!$L$2:$L$201, 1), 0)+1)) | K7: =IF(ROW()-1>SUM(Floors!$E$2:$E$201), "", INDEX(Floors!$H$2:$H$201, IFERROR(MATCH(ROW()-1-0.0001, Floors!$L$2:$L$201, 1), 0)+1)) | L7: =IF(ROW()-1>SUM(Floors!$E$2:$E$201), "", INDEX(Floors!$D$2:$D$201, IFERROR(MATCH(ROW()-1-0.0001, Floors!$L$2:$L$201, 1), 0)+1)) | M7: =IF(ROW()-1>SUM(Floors!$E$2:$E$201), "", INDEX(Floors!$K$2:$K$201, IFERROR(MATCH(ROW()-1-0.0001, Floors!$L$2:$L$201, 1), 0)+1))
A8: =IF(J8="","",IF(J8=J7,"",J8)) | B8: =IF(K8="","",IF(K8=K7,"",K8)) | C8: =IF(L8="","",IF(L8=L7,"",L8)) | D8: =IF(L8="","", SUBSTITUTE(M8," Floor","") & " " & CHOOSE(MIN((ROW()-1)-IFERROR(INDEX(Floors!$L$2:$L$201, MATCH(ROW()-1-0.0001, Floors!$L$2:$L$201, 1)), 0), 4), "North", "South", "East", "West")) | J8: =IF(ROW()-1>SUM(Floors!$E$2:$E$201), "", INDEX(Floors!$F$2:$F$201, IFERROR(MATCH(ROW()-1-0.0001, Floors!$L$2:$L$201, 1), 0)+1)) | K8: =IF(ROW()-1>SUM(Floors!$E$2:$E$201), "", INDEX(Floors!$H$2:$H$201, IFERROR(MATCH(ROW()-1-0.0001, Floors!$L$2:$L$201, 1), 0)+1)) | L8: =IF(ROW()-1>SUM(Floors!$E$2:$E$201), "", INDEX(Floors!$D$2:$D$201, IFERROR(MATCH(ROW()-1-0.0001, Floors!$L$2:$L$201, 1), 0)+1)) | M8: =IF(ROW()-1>SUM(Floors!$E$2:$E$201), "", INDEX(Floors!$K$2:$K$201, IFERROR(MATCH(ROW()-1-0.0001, Floors!$L$2:$L$201, 1), 0)+1))
A9: =IF(J9="","",IF(J9=J8,"",J9)) | B9: =IF(K9="","",IF(K9=K8,"",K9)) | C9: =IF(L9="","",IF(L9=L8,"",L9)) | D9: =IF(L9="","", SUBSTITUTE(M9," Floor","") & " " & CHOOSE(MIN((ROW()-1)-IFERROR(INDEX(Floors!$L$2:$L$201, MATCH(ROW()-1-0.0001, Floors!$L$2:$L$201, 1)), 0), 4), "North", "South", "East", "West")) | J9: =IF(ROW()-1>SUM(Floors!$E$2:$E$201), "", INDEX(Floors!$F$2:$F$201, IFERROR(MATCH(ROW()-1-0.0001, Floors!$L$2:$L$201, 1), 0)+1)) | K9: =IF(ROW()-1>SUM(Floors!$E$2:$E$201), "", INDEX(Floors!$H$2:$H$201, IFERROR(MATCH(ROW()-1-0.0001, Floors!$L$2:$L$201, 1), 0)+1)) | L9: =IF(ROW()-1>SUM(Floors!$E$2:$E$201), "", INDEX(Floors!$D$2:$D$201, IFERROR(MATCH(ROW()-1-0.0001, Floors!$L$2:$L$201, 1), 0)+1)) | M9: =IF(ROW()-1>SUM(Floors!$E$2:$E$201), "", INDEX(Floors!$K$2:$K$201, IFERROR(MATCH(ROW()-1-0.0001, Floors!$L$2:$L$201, 1), 0)+1))
A10: =IF(J10="","",IF(J10=J9,"",J10)) | B10: =IF(K10="","",IF(K10=K9,"",K10)) | C10: =IF(L10="","",IF(L10=L9,"",L10)) | D10: =IF(L10="","", SUBSTITUTE(M10," Floor","") & " " & CHOOSE(MIN((ROW()-1)-IFERROR(INDEX(Floors!$L$2:$L$201, MATCH(ROW()-1-0.0001, Floors!$L$2:$L$201, 1)), 0), 4), "North", "South", "East", "West")) | J10: =IF(ROW()-1>SUM(Floors!$E$2:$E$201), "", INDEX(Floors!$F$2:$F$201, IFERROR(MATCH(ROW()-1-0.0001, Floors!$L$2:$L$201, 1), 0)+1)) | K10: =IF(ROW()-1>SUM(Floors!$E$2:$E$201), "", INDEX(Floors!$H$2:$H$201, IFERROR(MATCH(ROW()-1-0.0001, Floors!$L$2:$L$201, 1), 0)+1)) | L10: =IF(ROW()-1>SUM(Floors!$E$2:$E$201), "", INDEX(Floors!$D$2:$D$201, IFERROR(MATCH(ROW()-1-0.0001, Floors!$L$2:$L$201, 1), 0)+1)) | M10: =IF(ROW()-1>SUM(Floors!$E$2:$E$201), "", INDEX(Floors!$K$2:$K$201, IFERROR(MATCH(ROW()-1-0.0001, Floors!$L$2:$L$201, 1), 0)+1))
A11: =IF(J11="","",IF(J11=J10,"",J11)) | B11: =IF(K11="","",IF(K11=K10,"",K11)) | C11: =IF(L11="","",IF(L11=L10,"",L11)) | D11: =IF(L11="","", SUBSTITUTE(M11," Floor","") & " " & CHOOSE(MIN((ROW()-1)-IFERROR(INDEX(Floors!$L$2:$L$201, MATCH(ROW()-1-0.0001, Floors!$L$2:$L$201, 1)), 0), 4), "North", "South", "East", "West")) | J11: =IF(ROW()-1>SUM(Floors!$E$2:$E$201), "", INDEX(Floors!$F$2:$F$201, IFERROR(MATCH(ROW()-1-0.0001, Floors!$L$2:$L$201, 1), 0)+1)) | K11: =IF(ROW()-1>SUM(Floors!$E$2:$E$201), "", INDEX(Floors!$H$2:$H$201, IFERROR(MATCH(ROW()-1-0.0001, Floors!$L$2:$L$201, 1), 0)+1)) | L11: =IF(ROW()-1>SUM(Floors!$E$2:$E$201), "", INDEX(Floors!$D$2:$D$201, IFERROR(MATCH(ROW()-1-0.0001, Floors!$L$2:$L$201, 1), 0)+1)) | M11: =IF(ROW()-1>SUM(Floors!$E$2:$E$201), "", INDEX(Floors!$K$2:$K$201, IFERROR(MATCH(ROW()-1-0.0001, Floors!$L$2:$L$201, 1), 0)+1))
A12: =IF(J12="","",IF(J12=J11,"",J12)) | B12: =IF(K12="","",IF(K12=K11,"",K12)) | C12: =IF(L12="","",IF(L12=L11,"",L12)) | D12: =IF(L12="","", SUBSTITUTE(M12," Floor","") & " " & CHOOSE(MIN((ROW()-1)-IFERROR(INDEX(Floors!$L$2:$L$201, MATCH(ROW()-1-0.0001, Floors!$L$2:$L$201, 1)), 0), 4), "North", "South", "East", "West")) | J12: =IF(ROW()-1>SUM(Floors!$E$2:$E$201), "", INDEX(Floors!$F$2:$F$201, IFERROR(MATCH(ROW()-1-0.0001, Floors!$L$2:$L$201, 1), 0)+1)) | K12: =IF(ROW()-1>SUM(Floors!$E$2:$E$201), "", INDEX(Floors!$H$2:$H$201, IFERROR(MATCH(ROW()-1-0.0001, Floors!$L$2:$L$201, 1), 0)+1)) | L12: =IF(ROW()-1>SUM(Floors!$E$2:$E$201), "", INDEX(Floors!$D$2:$D$201, IFERROR(MATCH(ROW()-1-0.0001, Floors!$L$2:$L$201, 1), 0)+1)) | M12: =IF(ROW()-1>SUM(Floors!$E$2:$E$201), "", INDEX(Floors!$K$2:$K$201, IFERROR(MATCH(ROW()-1-0.0001, Floors!$L$2:$L$201, 1), 0)+1))
A13: =IF(J13="","",IF(J13=J12,"",J13)) | B13: =IF(K13="","",IF(K13=K12,"",K13)) | C13: =IF(L13="","",IF(L13=L12,"",L13)) | D13: =IF(L13="","", SUBSTITUTE(M13," Floor","") & " " & CHOOSE(MIN((ROW()-1)-IFERROR(INDEX(Floors!$L$2:$L$201, MATCH(ROW()-1-0.0001, Floors!$L$2:$L$201, 1)), 0), 4), "North", "South", "East", "West")) | J13: =IF(ROW()-1>SUM(Floors!$E$2:$E$201), "", INDEX(Floors!$F$2:$F$201, IFERROR(MATCH(ROW()-1-0.0001, Floors!$L$2:$L$201, 1), 0)+1)) | K13: =IF(ROW()-1>SUM(Floors!$E$2:$E$201), "", INDEX(Floors!$H$2:$H$201, IFERROR(MATCH(ROW()-1-0.0001, Floors!$L$2:$L$201, 1), 0)+1)) | L13: =IF(ROW()-1>SUM(Floors!$E$2:$E$201), "", INDEX(Floors!$D$2:$D$201, IFERROR(MATCH(ROW()-1-0.0001, Floors!$L$2:$L$201, 1), 0)+1)) | M13: =IF(ROW()-1>SUM(Floors!$E$2:$E$201), "", INDEX(Floors!$K$2:$K$201, IFERROR(MATCH(ROW()-1-0.0001, Floors!$L$2:$L$201, 1), 0)+1))
A14: =IF(J14="","",IF(J14=J13,"",J14)) | B14: =IF(K14="","",IF(K14=K13,"",K14)) | C14: =IF(L14="","",IF(L14=L13,"",L14)) | D14: =IF(L14="","", SUBSTITUTE(M14," Floor","") & " " & CHOOSE(MIN((ROW()-1)-IFERROR(INDEX(Floors!$L$2:$L$201, MATCH(ROW()-1-0.0001, Floors!$L$2:$L$201, 1)), 0), 4), "North", "South", "East", "West")) | J14: =IF(ROW()-1>SUM(Floors!$E$2:$E$201), "", INDEX(Floors!$F$2:$F$201, IFERROR(MATCH(ROW()-1-0.0001, Floors!$L$2:$L$201, 1), 0)+1)) | K14: =IF(ROW()-1>SUM(Floors!$E$2:$E$201), "", INDEX(Floors!$H$2:$H$201, IFERROR(MATCH(ROW()-1-0.0001, Floors!$L$2:$L$201, 1), 0)+1)) | L14: =IF(ROW()-1>SUM(Floors!$E$2:$E$201), "", INDEX(Floors!$D$2:$D$201, IFERROR(MATCH(ROW()-1-0.0001, Floors!$L$2:$L$201, 1), 0)+1)) | M14: =IF(ROW()-1>SUM(Floors!$E$2:$E$201), "", INDEX(Floors!$K$2:$K$201, IFERROR(MATCH(ROW()-1-0.0001, Floors!$L$2:$L$201, 1), 0)+1))
... A401: =IF(J401="","",IF(J401=J400,"",J401)) | B401: =IF(K401="","",IF(K401=K400,"",K401)) | C401: =IF(L401="","",IF(L401=L400,"",L401)) | D401: =IF(L401="","", SUBSTITUTE(M401," Floor","") & " " & CHOOSE(MIN((ROW()-1)-IFERROR(INDEX(Floors!$L$2:$L$201, MATCH(ROW()-1-0.0001, Floors!$L$2:$L$201, 1)), 0), 4), "North", "South", "East", "West")) | J401: =IF(ROW()-1>SUM(Floors!$E$2:$E$201), "", INDEX(Floors!$F$2:$F$201, IFERROR(MATCH(ROW()-1-0.0001, Floors!$L$2:$L$201, 1), 0)+1)) | K401: =IF(ROW()-1>SUM(Floors!$E$2:$E$201), "", INDEX(Floors!$H$2:$H$201, IFERROR(MATCH(ROW()-1-0.0001, Floors!$L$2:$L$201, 1), 0)+1)) | L401: =IF(ROW()-1>SUM(Floors!$E$2:$E$201), "", INDEX(Floors!$D$2:$D$201, IFERROR(MATCH(ROW()-1-0.0001, Floors!$L$2:$L$201, 1), 0)+1)) | M401: =IF(ROW()-1>SUM(Floors!$E$2:$E$201), "", INDEX(Floors!$K$2:$K$201, IFERROR(MATCH(ROW()-1-0.0001, Floors!$L$2:$L$201, 1), 0)+1))
